<?xml version="1.0" encoding="UTF-8"?>
<!--

  DO NOT ALTER OR REMOVE COPYRIGHT NOTICES OR THIS FILE HEADER

  Copyright 2008 Sun Microsystems, Inc. All rights reserved.

  Use is subject to license terms.

  Licensed under the Apache License, Version 2.0 (the "License"); you may not
  use this file except in compliance with the License. You may obtain a copy
  of the License at http://www.apache.org/licenses/LICENSE-2.0. You can also
  obtain a copy of the License at http://odftoolkit.org/docs/license.txt

  Unless required by applicable law or agreed to in writing, software
  distributed under the License is distributed on an "AS IS" BASIS, WITHOUT
  WARRANTIES OR CONDITIONS OF ANY KIND, either express or implied.

  See the License for the specific language governing permissions and
  limitations under the License.

-->

<!--<!DOCTYPE manifest:manifest PUBLIC "-//OpenOffice.org//DTD Manifest 1.0//EN" "Manifest.dtd">-->
<manifest:manifest xmlns:manifest="urn:oasis:names:tc:opendocument:xmlns:manifest:1.0">
 <manifest:file-entry manifest:media-type="application/vnd.oasis.opendocument.text" manifest:full-path="/"/>
 <manifest:file-entry manifest:media-type="application/vnd.sun.xml.ui.configuration" manifest:full-path="Configurations2/"/>
 <manifest:file-entry manifest:media-type="" manifest:full-path="Pictures/"/>
 <manifest:file-entry manifest:media-type="text/xml" manifest:full-path="content.xml"/>
 <manifest:file-entry manifest:media-type="text/xml" manifest:full-path="styles.xml"/>
 <manifest:file-entry manifest:media-type="text/xml" manifest:full-path="meta.xml"/>
 <manifest:file-entry manifest:media-type="" manifest:full-path="Thumbnails/thumbnail.png"/>
 <manifest:file-entry manifest:media-type="" manifest:full-path="Thumbnails/"/>
 <manifest:file-entry manifest:media-type="text/xml" manifest:full-path="settings.xml"/>
</manifest:manifest>