<?xml version="1.0" encoding="UTF-8"?>
<!--

  DO NOT ALTER OR REMOVE COPYRIGHT NOTICES OR THIS FILE HEADER

  Copyright 2008 Sun Microsystems, Inc. All rights reserved.

  Use is subject to license terms.

  Licensed under the Apache License, Version 2.0 (the "License"); you may not
  use this file except in compliance with the License. You may obtain a copy
  of the License at http://www.apache.org/licenses/LICENSE-2.0. You can also
  obtain a copy of the License at http://odftoolkit.org/docs/license.txt

  Unless required by applicable law or agreed to in writing, software
  distributed under the License is distributed on an "AS IS" BASIS, WITHOUT
  WARRANTIES OR CONDITIONS OF ANY KIND, either express or implied.

  See the License for the specific language governing permissions and
  limitations under the License.

-->

<office:document-styles xmlns:office="urn:oasis:names:tc:opendocument:xmlns:office:1.0" xmlns:style="urn:oasis:names:tc:opendocument:xmlns:style:1.0" xmlns:text="urn:oasis:names:tc:opendocument:xmlns:text:1.0" xmlns:table="urn:oasis:names:tc:opendocument:xmlns:table:1.0" xmlns:draw="urn:oasis:names:tc:opendocument:xmlns:drawing:1.0" xmlns:fo="urn:oasis:names:tc:opendocument:xmlns:xsl-fo-compatible:1.0" xmlns:xlink="http://www.w3.org/1999/xlink" xmlns:dc="http://purl.org/dc/elements/1.1/" xmlns:meta="urn:oasis:names:tc:opendocument:xmlns:meta:1.0" xmlns:number="urn:oasis:names:tc:opendocument:xmlns:datastyle:1.0" xmlns:svg="urn:oasis:names:tc:opendocument:xmlns:svg-compatible:1.0" xmlns:chart="urn:oasis:names:tc:opendocument:xmlns:chart:1.0" xmlns:dr3d="urn:oasis:names:tc:opendocument:xmlns:dr3d:1.0" xmlns:math="http://www.w3.org/1998/Math/MathML" xmlns:form="urn:oasis:names:tc:opendocument:xmlns:form:1.0" xmlns:script="urn:oasis:names:tc:opendocument:xmlns:script:1.0" xmlns:ooo="http://openoffice.org/2004/office" xmlns:ooow="http://openoffice.org/2004/writer" xmlns:oooc="http://openoffice.org/2004/calc" xmlns:dom="http://www.w3.org/2001/xml-events" office:version="1.0"><office:font-face-decls><style:font-face style:name="Lucida Sans Unicode" svg:font-family="&apos;Lucida Sans Unicode&apos;" style:font-pitch="variable"/><style:font-face style:name="Tahoma" svg:font-family="Tahoma" style:font-pitch="variable"/><style:font-face style:name="Arial" svg:font-family="Arial" style:font-family-generic="swiss" style:font-pitch="variable"/></office:font-face-decls><office:styles><style:default-style style:family="table-cell"><style:table-cell-properties style:decimal-places="2"/><style:paragraph-properties style:tab-stop-distance="1.25cm"/><style:text-properties style:font-name="Arial" fo:language="en" fo:country="US" style:font-name-asian="Lucida Sans Unicode" style:language-asian="none" style:country-asian="none" style:font-name-complex="Tahoma" style:language-complex="none" style:country-complex="none"/></style:default-style><number:number-style style:name="N0"><number:number number:min-integer-digits="1"/></number:number-style><number:currency-style style:name="N106P0" style:volatile="true"><number:number number:decimal-places="2" number:min-integer-digits="1" number:grouping="true"/><number:text> </number:text><number:currency-symbol number:language="de" number:country="DE">€</number:currency-symbol></number:currency-style><number:currency-style style:name="N106"><style:text-properties fo:color="#ff0000"/><number:text>-</number:text><number:number number:decimal-places="2" number:min-integer-digits="1" number:grouping="true"/><number:text> </number:text><number:currency-symbol number:language="de" number:country="DE">€</number:currency-symbol><style:map style:condition="value()&gt;=0" style:apply-style-name="N106P0"/></number:currency-style><style:style style:name="Default" style:family="table-cell"/><style:style style:name="Result" style:family="table-cell" style:parent-style-name="Default"><style:text-properties fo:font-style="italic" style:text-underline-style="solid" style:text-underline-width="auto" style:text-underline-color="font-color" fo:font-weight="bold"/></style:style><style:style style:name="Result2" style:family="table-cell" style:parent-style-name="Result" style:data-style-name="N106"/><style:style style:name="Heading" style:family="table-cell" style:parent-style-name="Default"><style:table-cell-properties style:text-align-source="fix" style:repeat-content="false"/><style:paragraph-properties fo:text-align="center"/><style:text-properties fo:font-size="16pt" fo:font-style="italic" fo:font-weight="bold"/></style:style><style:style style:name="Heading1" style:family="table-cell" style:parent-style-name="Heading"><style:table-cell-properties style:rotation-angle="90"/></style:style></office:styles><office:automatic-styles><style:page-layout style:name="pm1"><style:page-layout-properties style:writing-mode="lr-tb"/><style:header-style><style:header-footer-properties fo:min-height="0.751cm" fo:margin-left="0cm" fo:margin-right="0cm" fo:margin-bottom="0.25cm"/></style:header-style><style:footer-style><style:header-footer-properties fo:min-height="0.751cm" fo:margin-left="0cm" fo:margin-right="0cm" fo:margin-top="0.25cm"/></style:footer-style></style:page-layout><style:page-layout style:name="pm2"><style:page-layout-properties style:writing-mode="lr-tb"/><style:header-style><style:header-footer-properties fo:min-height="0.751cm" fo:margin-left="0cm" fo:margin-right="0cm" fo:margin-bottom="0.25cm" fo:border="0.088cm solid #000000" fo:padding="0.018cm" fo:background-color="#c0c0c0"><style:background-image/></style:header-footer-properties></style:header-style><style:footer-style><style:header-footer-properties fo:min-height="0.751cm" fo:margin-left="0cm" fo:margin-right="0cm" fo:margin-top="0.25cm" fo:border="0.088cm solid #000000" fo:padding="0.018cm" fo:background-color="#c0c0c0"><style:background-image/></style:header-footer-properties></style:footer-style></style:page-layout></office:automatic-styles><office:master-styles><style:master-page style:name="Default" style:page-layout-name="pm1"><style:header><text:p><text:sheet-name>???</text:sheet-name></text:p></style:header><style:header-left style:display="false"/><style:footer><text:p>Page <text:page-number>1</text:page-number></text:p></style:footer><style:footer-left style:display="false"/></style:master-page><style:master-page style:name="Report" style:page-layout-name="pm2"><style:header><style:region-left><text:p><text:sheet-name>???</text:sheet-name> (<text:title>???</text:title>)</text:p></style:region-left><style:region-right><text:p><text:date style:data-style-name="N2" text:date-value="2006-01-05">05.01.2006</text:date>, <text:time>13:43:38</text:time></text:p></style:region-right></style:header><style:header-left style:display="false"/><style:footer><text:p>Page <text:page-number>1</text:page-number> / <text:page-count>99</text:page-count></text:p></style:footer><style:footer-left style:display="false"/></style:master-page></office:master-styles></office:document-styles>